Tab_11,Tab_12,Tab_13,Tab_14,Tab_15,Tab_16,Tab_17,Tab_18,Tab_19,Tab_110,Tab_111,Tab_112,Tab_113,Tab_114,Tab_115,Tab_116,Tab_117,Tab_118,Tab_119,Tab_120
,,,,,,,,,,,,,,,,,,,
,,,,,,,,,,,,,,,,,,,
,,,,,,,,,,,,,,,,,,,
,,,,,,,2,,,,,,,,,,,,
,,,,,,,,,,,,,,,,,,,
,,,,,,,,,,,,,,,,,,,
,,,,,,,,,,,,,,,,,,,
,,,,,,,1,,4,,,,,,,,,,
,,,,,,,,,,,,,,,,,,,
,,,,,3,,,,,,,,,,,,,,
,,,,,,,,,5,,,,,,,,,,
,,,,,,,,,,,,6,,,,,,,
,,,,,,8,,,,,,,,,,,,10,
,,,,,,,,,,,,,,,,,,,
,,,,,,,,,7,,,,,,,,,,
,,,,,,,,,,,,,,,,,,,
,,,,,,,,,,,,,,,,,,,
,,,,,,,,,,,,,,,,,,,
,,,,,,,,,,,,,,,,,,,
,,,,9,,,,,,,,,,,,,,,
