Tab_11,Tab_12,Tab_13,Tab_14,Tab_15,Tab_16,Tab_17,Tab_18,Tab_19,Tab_110,Tab_111,Tab_112,Tab_113,Tab_114,Tab_115,Tab_116,Tab_117,Tab_118,Tab_119,Tab_120,Tab_121,Tab_122,Tab_123,Tab_124,Tab_125
,,,,,,,,,,,,,,,,,,,,,,,,
,,,,,,,,,,,,,,,,,,,,,,,,
,,,,,,,,,,,,,,,,,,,,,,,,
,,,,,,,,,,,,,,,,,,,,,,,,
,,,,,,,,,,,,,,,,,,,,,,,,
,,,,,8,,,,,,,,,,,,,,,,,,,
,,,,,,,,,,,,,2,,,,,,,,,,,
,,,,,,,,,,,,,,,,,,,,,,,,
,,,,,,,,,,,,,,,,,,,,,,,,
,,,,,,,,,,,,,3,,,,,,,,,,,
,,,,,,,,,1,,,,,,,,,,,,,,,
,,,,,,,,,,,,,,,,,,,,,,,,
,,,,,,,,,,,,,,,,,,,,,,,,
,,,,,,,,,,,,,,,,,,,,,,,,
,,,,,,,,,,,,,,,9,,,,,,,,,
,,,,,,,,,,,,,,,,,,5,,,,,,
,,,,,,,,,,6,,,4,,,,,,,,,,,
,,,,,,,,,,,,,,,,,,,,,,,,
,,,,,,,,,,,,,,,,,,,,,,,,
10,,,,,,,,,,,,,,,,,,,,,,,,
,,,,,,,,,,,,,,,7,,,,,,,,,
,,,,,,,,,,,,,,,,,,,,,,,,
,,,,,,,,,,,,,,,,,,,,,,,,
,,,,,,,,,,,,,,,,,,,,,,,,
,,,,,,,,,,,,,,,,,,,,,,,,
